"","Dates","mean_Daily"
"1",1998-01-01,6.01176470588235
"2",1998-01-02,6.810625
"3",1998-01-03,7.05354166666667
"4",1998-01-04,7.065625
"5",1998-01-05,6.60802083333333
"6",1998-01-06,6.41989583333333
"7",1998-01-07,6.4546875
"8",1998-01-08,6.58947916666667
"9",1998-01-09,6.73104166666667
"10",1998-01-10,7.1146875
"11",1998-01-11,7.3009375
"12",1998-01-12,7.74760416666667
"13",1998-01-13,8.6340625
"14",1998-01-14,9.26333333333333
"15",1998-01-15,9.6246875
"16",1998-01-16,10.2252083333333
"17",1998-01-17,11.8075
"18",1998-01-18,16.0652083333333
"19",1998-01-19,17.3698958333333
"20",1998-01-20,17.8959375
"21",1998-01-21,18.0555208333333
"22",1998-01-22,17.9507291666667
"23",1998-01-23,17.6235416666667
"24",1998-01-24,17.0638541666667
"25",1998-01-25,16.5073958333333
"26",1998-01-26,16.051875
"27",1998-01-27,15.6628125
"28",1998-01-28,15.5254022988506
"29",1998-01-29,15.7986458333333
"30",1998-01-30,16.4766666666667
"31",1998-01-31,17.2408333333333
"32",1998-02-01,17.2854166666667
"33",1998-02-02,17.3633333333333
"34",1998-02-03,17.8986206896552
"35",1998-02-04,20.2973563218391
"36",1998-02-05,21.7025287356322
"37",1998-02-06,22.2227906976744
"38",1998-02-07,22.6763157894737
"39",1998-02-08,23.1568181818182
"40",1998-02-09,23.2367708333333
"41",1998-02-10,22.9691666666667
"42",1998-02-11,22.624375
"43",1998-02-12,22.114375
"44",1998-02-13,21.7334375
"45",1998-02-14,21.3632291666667
"46",1998-02-15,21.2479166666667
"47",1998-02-16,21.0852083333333
"48",1998-02-17,20.96375
"49",1998-02-18,20.7986315789474
"50",1998-02-19,20.3279166666667
"51",1998-02-20,20.41
"52",1998-02-21,20.4005208333333
"53",1998-02-22,20.6963541666667
"54",1998-02-23,21.0114583333333
"55",1998-02-24,21.0047916666667
"56",1998-02-25,20.8236781609195
"57",1998-02-26,20.4672916666667
"58",1998-02-27,20.1235416666667
"59",1998-02-28,19.72125
"60",1998-03-01,19.2545833333333
"61",1998-03-02,18.7017708333333
"62",1998-03-03,18.1855208333333
"63",1998-03-04,17.7430208333333
"64",1998-03-05,17.3326041666667
"65",1998-03-06,16.9301041666667
"66",1998-03-07,16.4735416666667
"67",1998-03-08,15.9744791666667
"68",1998-03-09,15.3854166666667
"69",1998-03-10,14.8229166666667
"70",1998-03-11,14.2659375
"71",1998-03-12,14.0590625
"72",1998-03-13,13.8514583333333
"73",1998-03-14,13.7329166666667
"74",1998-03-15,13.6065625
"75",1998-03-16,13.6016666666667
"76",1998-03-17,13.4690625
"77",1998-03-18,13.3367708333333
"78",1998-03-19,13.0831578947368
"79",1998-03-20,13.1372916666667
"80",1998-03-21,13.0620833333333
"81",1998-03-22,12.9394791666667
"82",1998-03-23,12.8690625
"83",1998-03-24,12.8647916666667
"84",1998-03-25,12.91625
"85",1998-03-26,14.6323958333333
"86",1998-03-27,16.9186458333333
"87",1998-03-28,17.7788541666667
"88",1998-03-29,17.9915625
"89",1998-03-30,17.9186458333333
"90",1998-03-31,17.5859375
"91",1998-04-01,17.1129166666667
"92",1998-04-02,16.3625
"93",1998-04-03,15.6486458333333
"94",1998-04-04,15.2797916666667
"95",1998-04-05,15.1858333333333
"96",1998-04-06,15.0042708333333
"97",1998-04-07,14.6815625
"98",1998-04-08,14.4514583333333
"99",1998-04-09,14.1855208333333
"100",1998-04-10,13.9303125
"101",1998-04-11,13.5914583333333
"102",1998-04-12,13.189375
"103",1998-04-13,12.9277083333333
"104",1998-04-14,12.6744791666667
"105",1998-04-15,12.4327083333333
"106",1998-04-16,12.2972916666667
"107",1998-04-17,12.1394252873563
"108",1998-04-18,11.970625
"109",1998-04-19,11.7248958333333
"110",1998-04-20,11.4747916666667
"111",1998-04-21,11.2544791666667
"112",1998-04-22,11.0646875
"113",1998-04-23,10.9094285714286
"114",1998-04-24,10.3223076923077
"115",1998-04-25,10.1233333333333
"116",1998-04-26,9.6521875
"117",1998-04-27,9.2253125
"118",1998-04-28,8.88625
"119",1998-04-29,8.61333333333333
"120",1998-04-30,8.49552083333333
"121",1998-05-01,8.28958333333333
"122",1998-05-02,7.99708333333333
"123",1998-05-03,7.84510416666667
"124",1998-05-04,7.899375
"125",1998-05-05,8.04520833333333
"126",1998-05-06,8.064375
"127",1998-05-07,7.7996875
"128",1998-05-08,7.68020833333333
"129",1998-05-09,7.51822916666667
"130",1998-05-10,7.36458333333333
"131",1998-05-11,7.38645833333333
"132",1998-05-12,7.30041666666667
"133",1998-05-13,7.35895833333333
"134",1998-05-14,7.28416666666667
"135",1998-05-15,7.4840625
"136",1998-05-16,7.735625
"137",1998-05-17,7.5309375
"138",1998-05-18,7.1446875
"139",1998-05-19,7.09552083333333
"140",1998-05-20,6.96340659340659
"141",1998-05-21,6.61520833333333
"142",1998-05-22,6.4196875
"143",1998-05-23,6.55229166666667
"144",1998-05-24,6.866875
"145",1998-05-25,7.0340625
"146",1998-05-26,7.20239583333333
"147",1998-05-27,7.1796875
"148",1998-05-28,7.26166666666667
"149",1998-05-29,7.92604166666667
"150",1998-05-30,8.60979166666667
"151",1998-05-31,9.69302083333333
"152",1998-06-01,10.23125
"153",1998-06-02,11.6295833333333
"154",1998-06-03,14.1211458333333
"155",1998-06-04,14.8419791666667
"156",1998-06-05,14.6390625
"157",1998-06-06,14.2163541666667
"158",1998-06-07,13.7639583333333
"159",1998-06-08,13.2254166666667
"160",1998-06-09,12.7545977011494
"161",1998-06-10,12.2504166666667
"162",1998-06-11,11.7046875
"163",1998-06-12,11.1389583333333
"164",1998-06-13,10.6040625
"165",1998-06-14,10.13
"166",1998-06-15,9.73694736842105
"167",1998-06-16,9.59645833333333
"168",1998-06-17,9.08791666666667
"169",1998-06-18,8.4825
"170",1998-06-19,8.21979166666667
"171",1998-06-20,8.05625
"172",1998-06-21,7.67541666666667
"173",1998-06-22,6.87125
"174",1998-07-03,5.81413793103448
"175",1998-07-04,6.22479166666667
"176",1998-07-05,6.39770833333333
"177",1998-07-06,6.46677083333333
"178",1998-07-07,6.4340625
"179",1998-07-08,6.52458333333333
"180",1998-07-09,6.72604166666667
"181",1998-07-10,6.91510416666667
"182",1998-07-11,6.59635416666667
"183",1998-07-12,6.3234375
"184",1998-07-13,6.2475
"185",1998-07-14,6.14385416666667
"186",1998-07-15,5.70604166666667
"187",1998-07-16,5.45252873563218
"188",1998-07-17,5.66822916666667
"189",1998-07-18,5.67677083333333
"190",1998-07-19,5.82083333333333
"191",1998-07-20,5.96885057471264
"192",1998-07-21,5.74
"193",1998-07-22,6.2940625
"194",1998-07-23,6.33020833333333
"195",1998-07-24,6.404375
"196",1998-07-25,6.25904761904762
"197",1998-07-26,6.15666666666667
"198",1998-07-27,6.05833333333333
"199",1998-07-28,5.9415625
"200",1998-07-29,5.84760416666667
"201",1998-07-30,5.53701149425287
"202",1998-07-31,5.44010416666667
"203",1998-08-01,5.3065625
"204",1998-08-02,5.44822916666667
"205",1998-08-03,5.55635416666667
"206",1998-08-04,5.72114583333333
"207",1998-08-05,5.94604166666667
"208",1998-08-06,6.1975
"209",1998-08-07,6.29333333333333
"210",1998-08-08,6.15072916666667
"211",1998-08-09,6.01802083333333
"212",1998-08-10,5.81739583333333
"213",1998-08-11,5.76791666666667
"214",1998-08-12,5.57023529411765
"215",1998-08-13,5.87979166666667
"216",1998-08-14,6.00375
"217",1998-08-15,6.15385416666667
"218",1998-08-16,6.14125
"219",1998-08-17,6.07479166666667
"220",1998-08-18,5.99083333333333
"221",1998-08-19,6.01291666666667
"222",1998-08-20,6.01625
"223",1998-08-21,5.83302083333333
"224",1998-08-22,5.65854166666667
"225",1998-08-23,5.7028125
"226",1998-08-24,5.68145833333333
"227",1998-08-25,5.9365625
"228",1998-08-26,5.92347826086957
"229",1998-08-27,5.53428571428571
"230",1998-08-28,5.4984375
"231",1998-08-29,5.37333333333333
"232",1998-08-30,5.44875
"233",1998-08-31,5.67604166666667
"234",1998-09-01,5.75239583333333
"235",1998-09-02,5.93052083333333
"236",1998-09-03,6.24229885057471
"237",1998-09-04,6.31045977011494
"238",1998-09-05,6.09684782608696
"239",1998-09-06,6.11644444444444
"240",1998-09-07,5.90655172413793
"241",1998-09-08,6.249375
"242",1998-09-09,6.66447916666667
"243",1998-09-10,6.66493506493507
"244",1998-09-11,6.25770833333333
"245",1998-09-12,6.28677083333333
"246",1998-09-13,6.24674418604651
"247",1998-09-14,6.0971875
"248",1998-09-15,5.5221875
"249",1998-09-16,6.28
"250",1998-09-17,6.00197674418605
"251",1998-09-18,5.85677083333333
"252",1998-09-19,5.40645833333333
"253",1998-09-20,5.44652173913043
"254",1998-09-21,5.56692307692308
"255",1998-09-22,5.6734375
"256",1998-09-23,5.7225
"257",1998-09-24,5.589375
"258",1998-09-25,5.58954022988506
"259",1998-09-26,5.82390804597701
"260",1998-09-27,5.28697916666667
"261",1998-09-28,5.08635416666667
"262",1998-09-29,5.43958333333333
"263",1998-09-30,5.54552083333333
"264",1998-10-01,5.57375
"265",1998-10-02,5.48697916666667
"266",1998-10-03,5.30135416666667
"267",1998-10-04,5.07614583333333
"268",1998-10-05,4.93739583333333
"269",1998-10-06,4.9821875
"270",1998-10-07,5.263125
"271",1998-10-08,5.4434375
"272",1998-10-09,5.32458333333333
"273",1998-10-10,5.2140625
"274",1998-10-11,5.18586956521739
"275",1998-10-12,5.19626373626374
"276",1998-10-13,5.1059375
"277",1998-10-14,5.08979166666667
"278",1998-10-15,4.9745652173913
"279",1998-10-16,4.46186813186813
"280",1998-10-17,4.46815217391304
"281",1998-10-18,4.47768292682927
"282",1998-10-19,4.83375
"283",1998-10-20,5.05873563218391
"284",1998-10-21,4.99291666666667
"285",1998-10-22,5.00559523809524
"286",1998-10-23,4.96274725274725
"287",1998-10-24,5.33195402298851
"288",1998-10-25,5.04978260869565
"289",1998-10-26,4.96541666666667
"290",1998-10-27,5.2345652173913
"291",1998-10-28,5.45987654320988
"292",1998-10-29,4.97476744186047
"293",1998-10-30,5.04320512820513
"294",1998-10-31,5.20377777777778
"295",1998-11-01,5.0143956043956
"296",1998-11-02,4.75965517241379
"297",1998-11-03,5.03318681318681
"298",1998-11-04,5.12149425287356
"299",1998-11-05,5.27427083333333
"300",1998-11-06,5.01538461538462
"301",1998-11-07,5.55358695652174
"302",1998-11-08,5.27602739726027
"303",1998-11-09,5.35184782608696
"304",1998-11-10,5.1856043956044
"305",1998-11-11,5.16739583333333
"306",1998-11-12,4.83072916666667
"307",1998-11-13,4.6315625
"308",1998-11-14,4.76022988505747
"309",1998-11-15,4.94802083333333
"310",1998-11-16,5.0215625
"311",1998-11-17,5.42145833333333
"312",1998-11-18,5.25208333333333
"313",1998-11-19,5.06333333333333
"314",1998-11-20,5.04302083333333
"315",1998-11-21,5.1340625
"316",1998-11-22,5.40833333333333
"317",1998-11-23,5.9378125
"318",1998-11-24,6.3503125
"319",1998-11-25,6.26739583333333
"320",1998-11-26,6.55364583333333
"321",1998-11-27,6.64416666666667
"322",1998-11-28,6.67552083333333
"323",1998-11-29,6.74552083333333
"324",1998-11-30,7.12572916666667
"325",1998-12-01,7.34875
"326",1998-12-02,7.34354166666667
"327",1998-12-03,7.7196875
"328",1998-12-04,7.858125
"329",1998-12-05,7.69760416666667
"330",1998-12-06,7.74395833333333
"331",1998-12-07,7.44333333333333
"332",1998-12-08,7.2878125
"333",1998-12-09,7.2428125
"334",1998-12-10,6.93791666666667
"335",1998-12-11,6.555
"336",1998-12-12,6.28635416666667
"337",1998-12-13,6.20302083333333
"338",1998-12-14,6.29229166666667
"339",1998-12-15,6.08979166666667
"340",1998-12-16,6.1284375
"341",1998-12-17,6.25541666666667
"342",1998-12-18,6.43114583333333
"343",1998-12-19,6.30270833333333
"344",1998-12-20,6.34416666666667
"345",1998-12-21,5.80958333333333
"346",1998-12-22,5.554375
"347",1998-12-23,5.51072916666667
"348",1998-12-24,5.65472222222222
"349",1998-12-25,5.01
"350",1998-12-26,4.92614583333333
"351",1998-12-27,4.87520833333333
"352",1998-12-28,4.80375
"353",1998-12-29,4.86145833333333
"354",1998-12-30,5.07614583333333
"355",1998-12-31,5.34239583333333
"356",1999-01-01,5.2990625
"357",1999-01-02,5.25072916666667
"358",1999-01-03,5.29541666666667
"359",1999-01-04,5.13864583333333
"360",1999-01-05,5.00666666666667
"361",1999-01-06,4.869375
"362",1999-01-07,4.9075
"363",1999-01-08,4.72958333333333
"364",1999-01-09,4.45427083333333
"365",1999-01-10,4.43385416666667
"366",1999-01-11,4.6828125
"367",1999-01-12,5.00479166666667
"368",1999-01-13,5.16436781609195
"369",1999-01-14,4.88916666666667
"370",1999-01-15,4.99625
"371",1999-01-16,5.36177083333333
"372",1999-01-17,5.40572916666667
"373",1999-01-18,5.5984375
"374",1999-01-19,5.60041666666667
"375",1999-01-20,6.02145833333333
"376",1999-01-21,6.4053125
"377",1999-01-22,6.35625
"378",1999-01-23,6.57104166666667
"379",1999-01-24,6.293125
"380",1999-01-25,6.20423913043478
"381",1999-01-26,6.6871875
"382",1999-01-27,6.43298850574713
"383",1999-01-28,6.34135416666667
"384",1999-01-29,6.23987951807229
"385",1999-01-30,6.33263736263736
"386",1999-01-31,6.75677083333333
"387",1999-02-01,6.59125
"388",1999-02-02,6.22479166666667
"389",1999-02-03,6.1803125
"390",1999-02-04,6.2759375
"391",1999-02-05,6.09885416666667
"392",1999-02-06,5.84270833333333
"393",1999-02-07,6.56
"394",1999-02-08,7.09260416666667
"395",1999-02-09,7.820625
"396",1999-02-10,9.075
"397",1999-02-11,12.3398958333333
"398",1999-02-12,16.0998958333333
"399",1999-02-13,16.6257291666667
"400",1999-02-14,16.2210416666667
"401",1999-02-15,15.531875
"402",1999-02-16,14.8570833333333
"403",1999-02-17,14.254375
"404",1999-02-18,13.9652083333333
"405",1999-02-19,15.2534375
"406",1999-02-20,16.5153125
"407",1999-02-21,17.1205208333333
"408",1999-02-22,17.2901086956522
"409",1999-02-23,17.3696875
"410",1999-02-24,17.1941666666667
"411",1999-02-25,16.6258333333333
"412",1999-02-26,15.9617708333333
"413",1999-02-27,15.421875
"414",1999-02-28,14.9878125
"415",1999-03-01,14.7134375
"416",1999-03-02,14.6145833333333
"417",1999-03-03,15.0110416666667
"418",1999-03-04,15.4464583333333
"419",1999-03-05,15.7395833333333
"420",1999-03-06,15.7945833333333
"421",1999-03-07,15.745625
"422",1999-03-08,15.5292708333333
"423",1999-03-09,15.25125
"424",1999-03-10,14.9536458333333
"425",1999-03-11,14.6344791666667
"426",1999-03-12,14.3533333333333
"427",1999-03-13,13.9889583333333
"428",1999-03-14,13.4601041666667
"429",1999-03-15,12.92625
"430",1999-03-16,12.383125
"431",1999-03-17,11.9495833333333
"432",1999-03-18,11.6371875
"433",1999-03-19,11.4747916666667
"434",1999-03-20,11.4292592592593
"435",1999-03-21,11.3861458333333
"436",1999-03-22,11.188125
"437",1999-03-23,10.7944791666667
"438",1999-03-24,10.1127083333333
"439",1999-03-25,9.3921875
"440",1999-03-26,9.6821875
"441",1999-03-27,10.37125
"442",1999-03-28,11.0365625
"443",1999-03-29,11.6313541666667
"444",1999-03-30,12.01875
"445",1999-03-31,12.1383333333333
"446",1999-04-01,12.1480208333333
"447",1999-04-02,11.9552083333333
"448",1999-04-03,11.3853125
"449",1999-04-04,11.2778494623656
"450",1999-04-05,10.9273958333333
"451",1999-04-06,10.3609375
"452",1999-04-07,9.78552083333333
"453",1999-04-08,9.12427083333333
"454",1999-04-09,8.78583333333333
"455",1999-04-10,8.53770833333333
"456",1999-04-11,8.51114583333333
"457",1999-04-12,8.504375
"458",1999-04-13,9.26541666666667
"459",1999-04-14,9.8665625
"460",1999-04-15,10.4204166666667
"461",1999-04-16,10.6741666666667
"462",1999-04-17,10.5951086956522
"463",1999-04-18,10.1581318681319
"464",1999-04-19,9.55729166666667
"465",1999-04-20,8.850625
"466",1999-04-21,8.43989583333333
"467",1999-04-22,13.0878947368421
"468",1999-04-23,7.25791666666667
"469",1999-04-24,7.30291666666667
"470",1999-04-25,7.46625
"471",1999-04-26,7.1003125
"472",1999-04-27,6.47947916666667
"473",1999-04-28,5.92041666666667
"474",1999-04-29,5.13821052631579
"475",1999-04-30,5.784375
"476",1999-05-01,5.9384375
"477",1999-05-02,6.095
"478",1999-05-03,5.9403125
"479",1999-05-04,5.86041666666667
"480",1999-05-05,5.3140625
"481",1999-05-06,5.27833333333333
"482",1999-05-07,5.15895833333333
"483",1999-05-08,4.70831578947368
"484",1999-05-09,4.58885416666667
"485",1999-05-10,4.6559375
"486",1999-05-11,4.8140625
"487",1999-05-12,4.9446875
"488",1999-05-13,5.2153125
"489",1999-05-14,5.1384375
"490",1999-05-15,5.3678125
"491",1999-05-16,5.2409375
"492",1999-05-17,5.40739583333333
"493",1999-05-18,5.6309375
"494",1999-05-19,5.75125
"495",1999-05-20,5.6865625
"496",1999-05-21,5.25125
"497",1999-05-22,5.04073684210526
"498",1999-05-23,5.7671875
"499",1999-05-24,5.61583333333333
"500",1999-05-25,5.29677083333333
"501",1999-05-26,5.291875
"502",1999-05-27,5.46177083333333
"503",1999-05-28,5.42552083333333
"504",1999-05-29,5.54416666666667
"505",1999-05-30,5.574375
"506",1999-05-31,5.90333333333333
"507",1999-06-01,5.98645833333333
"508",1999-06-02,5.95958333333333
"509",1999-06-03,5.73791666666667
"510",1999-06-05,5.28979166666667
"511",1999-06-06,5.2675
"512",1999-06-07,5.1096875
"513",1999-06-08,4.85239583333333
"514",1999-06-09,4.70875
"515",1999-06-10,4.8628125
"516",1999-06-11,5.044375
"517",1999-06-12,5.44083333333333
"518",1999-06-13,5.5090625
"519",1999-06-14,5.58260416666667
"520",1999-06-15,5.76708333333333
"521",1999-06-16,5.64625
"522",1999-06-17,5.38614583333333
"523",1999-06-18,5.40208333333333
"524",1999-06-19,5.24322916666667
"525",1999-06-20,5.08677083333333
"526",1999-06-21,5.23989583333333
"527",1999-06-22,5.1546875
"528",1999-06-23,5.42395833333333
"529",1999-06-24,5.78229166666667
"530",1999-06-25,5.5771875
"531",1999-06-26,5.33260416666667
"532",1999-06-27,5.28574712643678
"533",1999-06-28,5.3259375
"534",1999-06-29,5.4578125
"535",1999-06-30,5.57770833333333
"536",1999-07-01,5.819375
"537",1999-07-02,5.9953125
"538",1999-07-03,5.9116091954023
"539",1999-07-04,5.530625
"540",1999-07-05,4.9925
"541",1999-07-06,5.06931034482759
"542",1999-07-07,5.02052083333333
"543",1999-07-08,4.75864583333333
"544",1999-07-09,5.12322916666667
"545",1999-07-10,5.31979166666667
"546",1999-07-11,5.37458333333333
"547",1999-07-12,5.47604166666667
"548",1999-07-14,5.97375
"549",1999-07-15,6.1534375
"550",1999-07-16,5.97166666666667
"551",1999-07-17,5.6015625
"552",1999-07-18,5.29364583333333
"553",1999-07-19,5.26614583333333
"554",1999-07-20,5.2084375
"555",1999-07-22,5.09052083333333
"556",1999-07-24,5.48489583333333
"557",1999-07-25,5.27666666666667
"558",1999-07-26,5.526875
"559",1999-07-27,5.70677083333333
"560",1999-07-28,5.84645833333333
"561",1999-07-29,5.66635416666667
"562",1999-07-30,5.52989583333333
"563",1999-07-31,5.49344827586207
"564",1999-08-01,5.4540625
"565",1999-08-02,5.26072916666667
"566",1999-08-03,5.07197916666667
"567",1999-08-04,5.05177083333333
"568",1999-08-05,5.28520833333333
"569",1999-08-06,5.50229166666667
"570",1999-08-07,5.38583333333333
"571",1999-08-08,5.46895833333333
"572",1999-08-09,5.64364583333333
"573",1999-08-10,5.7871875
"574",1999-08-11,5.768125
"575",1999-08-12,5.4465625
"576",1999-08-13,5.4646875
"577",1999-08-14,5.28260416666667
"578",1999-08-15,5.22645833333333
"579",1999-08-16,5.09864583333333
"580",1999-08-17,5.10927083333333
"581",1999-08-18,5.34103448275862
"582",1999-08-19,5.14
"583",1999-08-20,5.04854166666667
"584",1999-08-21,5.060625
"585",1999-08-22,5.070625
"586",1999-08-23,5.396875
"587",1999-08-24,5.57375
"588",1999-08-25,5.3946875
"589",1999-08-26,5.388125
"590",1999-08-27,5.41677083333333
"591",1999-08-28,5.6809375
"592",1999-08-29,5.63395833333333
"593",1999-08-30,5.69916666666667
"594",1999-08-31,5.22927083333333
"595",1999-09-01,5.2084375
"596",1999-09-02,5.39322916666667
"597",1999-09-03,5.55520833333333
"598",1999-09-04,5.6378125
"599",1999-09-05,5.68739583333333
"600",1999-09-06,5.64135416666667
"601",1999-09-07,5.66430232558139
"602",1999-09-08,5.948125
"603",1999-09-09,5.93447916666667
"604",1999-09-10,5.854375
"605",1999-09-11,5.7734375
"606",1999-09-12,5.80802083333333
"607",1999-09-13,5.755625
"608",1999-09-14,5.66979166666667
"609",1999-09-15,5.60270833333333
"610",1999-09-16,5.49302083333333
"611",1999-09-17,5.4728125
"612",1999-09-18,5.55708333333333
"613",1999-09-19,5.79197916666667
"614",1999-09-20,5.63197916666667
"615",1999-09-21,5.14979166666667
"616",1999-09-22,5.12395833333333
"617",1999-09-23,5.22947916666667
"618",1999-09-24,5.340625
"619",1999-09-25,5.24854166666667
"620",1999-09-26,4.95954022988506
"621",1999-09-27,4.92583333333333
"622",1999-09-28,4.87697916666667
"623",1999-09-29,4.90354166666667
"624",1999-09-30,4.99239583333333
"625",1999-10-01,5.24354166666667
"626",1999-10-02,5.50322916666667
"627",1999-10-03,5.46979166666667
"628",1999-10-04,5.22677083333333
"629",1999-10-05,5.13583333333333
"630",1999-10-06,4.98375
"631",1999-10-07,4.75354166666667
"632",1999-10-08,4.61822916666667
"633",1999-10-09,4.71875
"634",1999-10-10,4.81520833333333
"635",1999-10-11,4.96229166666667
"636",1999-10-12,5.07885416666667
"637",1999-10-13,4.98104166666667
"638",1999-10-14,5.08385416666667
"639",1999-10-15,5.17467391304348
"640",1999-10-16,4.48967032967033
"641",1999-10-17,4.7178125
"642",1999-10-18,4.83354166666667
"643",1999-10-19,4.81260416666667
"644",1999-10-20,4.67447916666667
"645",1999-10-21,4.61989361702128
"646",1999-10-22,4.63864583333333
"647",1999-10-23,5.095625
"648",1999-10-24,5.1846875
"649",1999-10-25,5.06333333333333
"650",1999-10-26,5.17322916666667
"651",1999-10-27,5.39125
"652",1999-10-28,5.54125
"653",1999-10-29,5.25260416666667
"654",1999-10-30,5.01270833333333
"655",1999-10-31,4.86391304347826
"656",1999-11-01,4.87177083333333
"657",1999-11-02,4.88770833333333
"658",1999-11-03,5.08510416666667
"659",1999-11-04,4.939375
"660",1999-11-05,4.99072916666667
"661",1999-11-06,5.2409375
"662",1999-11-07,5.22520833333333
"663",1999-11-08,5.57895833333333
"664",1999-11-09,5.26354166666667
"665",1999-11-10,5.17375
"666",1999-11-11,5.21958333333333
"667",1999-11-12,5.0665625
"668",1999-11-13,4.9778125
"669",1999-11-14,5.03229166666667
"670",1999-11-15,5.12479166666667
"671",1999-11-16,4.89854166666667
"672",1999-11-17,5.15333333333333
"673",1999-11-18,4.775
"674",1999-11-19,4.789375
"675",1999-11-20,5.05208333333333
"676",1999-11-21,4.9246875
"677",1999-11-22,4.63739583333333
"678",1999-11-23,4.74697916666667
"679",1999-11-24,4.69011494252874
"680",1999-11-25,4.79197916666667
"681",1999-11-26,4.90989583333333
"682",1999-11-27,5.11916666666667
"683",1999-11-28,5.00947916666667
"684",1999-11-29,4.9121875
"685",1999-11-30,4.97885416666667
"686",1999-12-01,4.87354166666667
"687",1999-12-02,4.5809375
"688",1999-12-03,4.4167816091954
"689",1999-12-04,4.43364583333333
"690",1999-12-05,4.63541666666667
"691",1999-12-06,4.796875
"692",1999-12-07,5.02145833333333
"693",1999-12-08,4.92083333333333
"694",1999-12-09,4.89505747126437
"695",1999-12-10,4.96989583333333
"696",1999-12-11,4.87625
"697",1999-12-12,4.7690625
"698",1999-12-13,4.81833333333333
"699",1999-12-14,4.52947916666667
"700",1999-12-15,4.35614583333333
"701",1999-12-16,4.17041666666667
"702",1999-12-17,4.27670588235294
"703",1999-12-18,4.45927083333333
"704",1999-12-19,4.56625
"705",1999-12-20,4.69239583333333
"706",1999-12-21,4.9015625
"707",1999-12-22,5.05385416666667
"708",1999-12-23,5.3254794520548
"709",1999-12-24,4.97416666666667
"710",1999-12-25,4.85333333333333
"711",1999-12-26,4.89760416666667
"712",1999-12-27,4.795
"713",1999-12-28,4.58875
"714",1999-12-29,4.54052083333333
"715",1999-12-30,4.50729166666667
"716",1999-12-31,4.66708333333333
"717",2000-01-01,4.88802083333333
"718",2000-01-02,4.81989583333333
"719",2000-01-03,4.57479166666667
"720",2000-01-04,4.46677083333333
"721",2000-01-05,4.39947916666667
"722",2000-01-06,4.51
"723",2000-01-07,4.6446875
"724",2000-01-08,4.78395833333333
"725",2000-01-09,4.73458333333333
"726",2000-01-10,4.81864583333333
"727",2000-01-11,4.96395833333333
"728",2000-01-12,4.97885057471264
"729",2000-01-13,4.54552083333333
"730",2000-01-14,4.82802083333333
"731",2000-01-15,4.5709375
"732",2000-01-16,5.2171875
"733",2000-01-17,5.0334375
"734",2000-01-18,5.03989583333333
"735",2000-01-19,5.39208333333333
"736",2000-01-20,5.59484210526316
"737",2000-01-21,5.77625
"738",2000-01-22,5.51489583333333
"739",2000-01-23,5.85270833333333
"740",2000-01-24,6.5146875
"741",2000-01-25,7.19197916666667
"742",2000-01-26,7.55760416666667
"743",2000-01-27,7.51
"744",2000-01-28,7.46354166666667
"745",2000-01-29,7.48125
"746",2000-01-30,7.65604166666667
"747",2000-01-31,7.68114583333333
"748",2000-02-01,7.44583333333333
"749",2000-02-02,7.429375
"750",2000-02-03,7.74114583333333
"751",2000-02-04,8.0165625
"752",2000-02-05,7.84260416666667
"753",2000-02-06,7.665
"754",2000-02-07,7.24645833333333
"755",2000-02-08,6.98833333333333
"756",2000-02-09,6.8209375
"757",2000-02-10,6.84114583333333
"758",2000-02-11,6.98479166666667
"759",2000-02-12,7.53552083333333
"760",2000-02-13,8.53916666666667
"761",2000-02-15,10.7795833333333
"762",2000-02-16,15.3044791666667
"763",2000-02-17,17.52375
"764",2000-02-18,17.8697916666667
"765",2000-02-19,17.67
"766",2000-02-20,17.1560416666667
"767",2000-02-21,16.66875
"768",2000-02-22,16.2190625
"769",2000-02-23,16.0016666666667
"770",2000-02-24,16.4559375
"771",2000-02-25,17.1060416666667
"772",2000-02-26,17.2240625
"773",2000-02-27,17.2654166666667
"774",2000-02-28,17.52375
"775",2000-02-29,18.1980208333333
"776",2000-03-01,18.3264583333333
"777",2000-03-02,18.3232291666667
"778",2000-03-03,18.1558333333333
"779",2000-03-04,17.8667391304348
"780",2000-03-05,17.6591954022988
"781",2000-03-06,17.540989010989
"782",2000-03-07,17.6447916666667
"783",2000-03-08,17.6854166666667
"784",2000-03-09,17.6877083333333
"785",2000-03-10,17.9944791666667
"786",2000-03-11,17.8382291666667
"787",2000-03-12,17.5852083333333
"788",2000-03-13,17.2670833333333
"789",2000-03-14,16.8671428571429
"790",2000-03-15,16.2334065934066
"791",2000-03-16,15.4688541666667
"792",2000-03-17,14.7026041666667
"793",2000-03-18,13.8254022988506
"794",2000-03-19,13.0970833333333
"795",2000-03-20,12.3582291666667
"796",2000-03-21,11.820625
"797",2000-03-22,11.4017708333333
"798",2000-03-23,10.8534375
"799",2000-03-24,10.2795833333333
"800",2000-03-25,9.64947916666667
"801",2000-03-26,8.83333333333333
"802",2000-03-27,8.19875
"803",2000-03-28,7.74333333333333
"804",2000-03-29,7.40260416666667
"805",2000-03-30,6.97489583333333
"806",2000-03-31,6.78604166666667
"807",2000-04-01,6.4284375
"808",2000-04-02,6.10052083333333
"809",2000-04-03,5.98953488372093
"810",2000-04-04,6.20753424657534
"811",2000-04-05,5.90177777777778
"812",2000-04-06,5.97520833333333
"813",2000-04-07,5.84208333333333
"814",2000-04-08,5.93583333333333
"815",2000-04-09,5.80395833333333
"816",2000-04-10,5.47195402298851
"817",2000-04-11,5.30827586206897
"818",2000-04-12,5.17026315789474
"819",2000-04-13,5.22479166666667
"820",2000-04-14,5.293125
"821",2000-04-15,5.35010416666667
"822",2000-04-16,5.46291666666667
"823",2000-04-17,5.85104166666667
"824",2000-04-18,5.93604166666667
"825",2000-04-19,6.58614583333333
"826",2000-04-20,7.21239583333333
"827",2000-04-21,7.53635416666667
"828",2000-04-22,7.81614583333333
"829",2000-04-23,7.44655172413793
"830",2000-04-24,6.85655172413793
"831",2000-04-25,6.39145833333333
"832",2000-04-26,5.74177083333333
"833",2000-04-27,5.64885057471264
"834",2000-04-28,5.295
"835",2000-04-29,4.96041666666667
"836",2000-04-30,4.90041666666667
"837",2000-05-01,4.99083333333333
"838",2000-05-02,5.19354166666667
"839",2000-05-03,5.45145833333333
"840",2000-05-04,5.50902173913043
"841",2000-05-05,5.83447916666667
"842",2000-05-06,5.92916666666667
"843",2000-05-07,5.62
"844",2000-05-08,5.78458333333333
"845",2000-05-09,5.9875
"846",2000-05-10,5.94354166666667
"847",2000-05-11,5.39645833333333
"848",2000-05-12,4.97260416666667
"849",2000-05-13,4.95802083333333
"850",2000-05-14,5.15083333333333
"851",2000-05-15,5.43238095238095
"852",2000-05-16,5.47586956521739
"853",2000-05-17,5.42219512195122
"854",2000-05-18,5.66636363636364
"855",2000-05-19,5.545
"856",2000-05-20,5.52458333333333
"857",2000-05-21,5.44458333333333
"858",2000-05-22,5.41958333333333
"859",2000-05-23,5.40489583333333
"860",2000-05-24,6.09235294117647
"861",2000-05-25,5.91287356321839
"862",2000-05-26,5.44510416666667
"863",2000-05-27,5.23632183908046
"864",2000-05-28,5.06125
"865",2000-05-29,5.0865625
"866",2000-05-30,5.1490625
"867",2000-05-31,4.91260416666667
"868",2000-06-01,5.18375
"869",2000-06-02,5.59260416666667
"870",2000-06-03,5.71895833333333
"871",2000-06-04,5.87322916666667
"872",2000-06-05,6.0990625
"873",2000-06-06,5.7178125
"874",2000-06-07,5.70728260869565
"875",2000-06-08,5.58340659340659
"876",2000-06-09,5.29614583333333
"877",2000-06-10,5.16625
"878",2000-06-11,4.92885416666667
"879",2000-06-12,4.86686046511628
"880",2000-06-13,5.00416666666667
"881",2000-06-14,5.0425
"882",2000-06-15,5.3921875
"883",2000-06-16,5.8471875
"884",2000-06-17,6.0896875
"885",2000-06-18,6.20614583333333
"886",2000-06-19,5.8221875
"887",2000-06-20,5.68635416666667
"888",2000-06-21,5.6665625
"889",2000-06-22,5.74346153846154
"890",2000-06-23,5.77091954022988
"891",2000-06-24,5.45479166666667
"892",2000-06-25,5.32958333333333
"893",2000-06-26,5.29942528735632
"894",2000-06-27,5.40854166666667
"895",2000-06-28,5.59068965517241
"896",2000-06-29,5.92793103448276
"897",2000-06-30,6.19916666666667
"898",2000-07-01,6.17260416666667
"899",2000-07-02,6.14125
"900",2000-07-03,6.101875
"901",2000-07-04,5.78479166666667
"902",2000-07-05,5.81635416666667
"903",2000-07-06,5.61958333333333
"904",2000-07-07,5.50510416666667
"905",2000-07-08,5.24252873563218
"906",2000-07-09,5.14135416666667
"907",2000-07-10,5.37270833333333
"908",2000-07-11,5.6484375
"909",2000-07-12,5.9303125
"910",2000-07-13,6.30147368421053
"911",2000-07-14,5.65104166666667
"912",2000-07-15,5.59260416666667
"913",2000-07-16,5.82322916666667
"914",2000-07-17,5.81614583333333
"915",2000-07-18,5.47072916666667
"916",2000-07-19,5.48045977011494
"917",2000-07-20,5.41184782608696
"918",2000-07-21,5.46252747252747
"919",2000-07-22,5.233125
"920",2000-07-23,4.92354166666667
"921",2000-07-24,4.90895833333333
"922",2000-07-25,5.22770833333333
"923",2000-07-26,5.45072916666667
"924",2000-07-27,5.5634375
"925",2000-07-28,5.38520833333333
"926",2000-07-29,5.5209375
"927",2000-07-30,5.69391304347826
"928",2000-07-31,5.66274725274725
"929",2000-08-01,5.59854166666667
"930",2000-08-02,5.60927083333333
"931",2000-08-03,5.7809375
"932",2000-08-04,5.84677083333333
"933",2000-08-05,5.4975
"934",2000-08-06,5.40041666666667
"935",2000-08-07,5.5234375
"936",2000-08-08,5.59770833333333
"937",2000-08-09,5.52510416666667
"938",2000-08-10,5.64375
"939",2000-08-11,5.41791666666667
"940",2000-08-12,5.3178125
"941",2000-08-13,5.50125
"942",2000-08-14,5.47135416666667
"943",2000-08-15,5.29287356321839
"944",2000-08-16,5.18833333333333
"945",2000-08-17,5.2603125
"946",2000-08-18,5.27038961038961
"947",2000-08-19,5.2328125
"948",2000-08-20,5.0571875
"949",2000-08-21,4.9221875
"950",2000-08-22,5.18010416666667
"951",2000-08-23,5.54302083333333
"952",2000-08-24,5.46416666666667
"953",2000-08-25,5.26083333333333
"954",2000-08-26,5.55125
"955",2000-08-27,5.6853125
"956",2000-08-28,5.88822916666667
"957",2000-08-29,5.98864583333333
"958",2000-08-30,5.68416666666667
"959",2000-08-31,5.55489583333333
"960",2000-09-01,5.50020833333333
"961",2000-09-02,5.43045977011494
"962",2000-09-03,5.26385416666667
"963",2000-09-04,5.3740625
"964",2000-09-05,5.1440625
"965",2000-09-06,4.92677083333333
"966",2000-09-07,4.99270833333333
"967",2000-09-08,5.26255813953488
"968",2000-09-09,5.59322916666667
"969",2000-09-10,5.463125
"970",2000-09-11,5.34125
"971",2000-09-12,5.2021875
"972",2000-09-13,5.1915625
"973",2000-09-14,5.431875
"974",2000-09-15,5.48241379310345
"975",2000-09-16,5.25489583333333
"976",2000-09-17,4.9534375
"977",2000-09-18,4.98270833333333
"978",2000-09-19,5.20114583333333
"979",2000-09-20,5.50239583333333
"980",2000-09-21,6.31364583333333
"981",2000-09-22,6.17229166666667
"982",2000-09-23,5.7446875
"983",2000-09-24,5.45770833333333
"984",2000-09-25,5.29114583333333
"985",2000-09-26,5.37291666666667
"986",2000-09-27,5.54197916666667
"987",2000-09-28,5.61239583333333
"988",2000-09-29,5.25885416666667
"989",2000-09-30,5.20927083333333
"990",2000-10-01,5.26802083333333
"991",2000-10-02,5.52697674418605
"992",2000-10-03,5.55645833333333
"993",2000-10-04,5.79229885057471
"994",2000-10-05,5.5746875
"995",2000-10-06,5.38270833333333
"996",2000-10-07,5.83080459770115
"997",2000-10-08,5.57697916666667
"998",2000-10-09,5.33885416666667
"999",2000-10-10,5.39125
"1000",2000-10-11,5.2203125
"1001",2000-10-12,5.09291666666667
"1002",2000-10-13,5.03011494252874
"1003",2000-10-14,4.94276315789474
"1004",2000-10-15,5.21083333333333
"1005",2000-10-16,5.14927083333333
"1006",2000-10-17,5.08833333333333
"1007",2000-10-18,5.25395833333333
"1008",2000-10-19,5.3809375
"1009",2000-10-20,5.32364583333333
"1010",2000-10-21,5.21094736842105
"1011",2000-10-22,4.003125
"1012",2000-10-23,4.4834375
"1013",2000-10-24,4.83447916666667
"1014",2000-10-25,5.08572916666667
"1015",2000-10-26,5.30229166666667
"1016",2000-10-27,5.21489583333333
"1017",2000-10-28,5.4096875
"1018",2000-10-29,5.69815217391304
"1019",2000-10-30,5.51208333333333
"1020",2000-10-31,5.23895833333333
"1021",2000-11-01,5.12364583333333
"1022",2000-11-02,5.0309375
"1023",2000-11-03,4.9378125
"1024",2000-11-04,4.79979166666667
"1025",2000-11-05,4.92802083333333
"1026",2000-11-06,4.79354166666667
"1027",2000-11-07,4.38416666666667
"1028",2000-11-08,4.63875
"1029",2000-11-09,5.09697916666667
"1030",2000-11-10,5.16541666666667
"1031",2000-11-11,5.02666666666667
"1032",2000-11-12,4.7790625
"1033",2000-11-13,4.8703125
"1034",2000-11-14,5.07520833333333
"1035",2000-11-15,4.9715625
"1036",2000-11-16,4.92041666666667
"1037",2000-11-17,4.74988372093023
"1038",2000-11-18,4.6728125
"1039",2000-11-19,4.41172413793103
"1040",2000-11-20,4.45333333333333
"1041",2000-11-21,4.60645833333333
"1042",2000-11-22,4.71625
"1043",2000-11-23,4.69364583333333
"1044",2000-11-24,4.55583333333333
"1045",2000-11-25,4.70041666666667
"1046",2000-11-26,4.7646875
"1047",2000-11-27,4.80614583333333
"1048",2000-11-28,4.790625
"1049",2000-11-29,5.18458333333333
"1050",2000-11-30,5.27625
"1051",2000-12-01,4.96479166666667
"1052",2000-12-02,4.85197916666667
"1053",2000-12-03,4.63645833333333
"1054",2000-12-04,4.45739583333333
"1055",2000-12-05,4.58655172413793
"1056",2000-12-06,4.33677083333333
"1057",2000-12-07,4.52822916666667
"1058",2000-12-08,4.71655172413793
"1059",2000-12-09,4.58741935483871
"1060",2000-12-10,5.34275862068966
"1061",2000-12-11,5.1034375
"1062",2000-12-12,5.22177083333333
"1063",2000-12-13,5.2928125
"1064",2000-12-14,5.39010416666667
"1065",2000-12-15,5.0878125
"1066",2000-12-16,4.73333333333333
"1067",2000-12-17,4.47875
"1068",2000-12-18,4.26635416666667
"1069",2000-12-19,4.2596875
"1070",2000-12-20,4.60135416666667
"1071",2000-12-21,4.83833333333333
"1072",2000-12-22,4.99833333333333
"1073",2000-12-23,5.03114583333333
"1074",2000-12-24,4.95958333333333
"1075",2000-12-25,4.90145833333333
"1076",2000-12-26,4.84916666666667
"1077",2000-12-27,4.825625
"1078",2000-12-28,4.81541666666667
"1079",2000-12-29,4.83229166666667
"1080",2000-12-30,4.80427083333333
"1081",2000-12-31,4.803125
"1082",2001-01-01,4.6528125
"1083",2001-01-02,4.4609375
"1084",2001-01-03,4.3009375
"1085",2001-01-04,4.41322916666667
"1086",2001-01-05,4.70770833333333
"1087",2001-01-06,4.97052083333333
"1088",2001-01-07,5.183125
"1089",2001-01-08,5.65375
"1090",2001-01-09,5.71390804597701
"1091",2001-01-10,5.80572916666667
"1092",2001-01-11,6.46416666666667
"1093",2001-01-12,6.12395833333333
"1094",2001-01-13,5.96958333333333
"1095",2001-01-14,6.34125
"1096",2001-01-16,5.4284375
"1097",2001-01-17,5.21625
"1098",2001-01-18,5.13822916666667
"1099",2001-01-19,5.16854166666667
"1100",2001-01-20,5.24489583333333
"1101",2001-01-21,5.31229166666667
"1102",2001-01-22,5.3646875
"1103",2001-01-23,5.524375
"1104",2001-01-24,5.85291666666667
"1105",2001-01-25,5.54864583333333
"1106",2001-01-26,5.79614583333333
"1107",2001-01-27,5.6725
"1108",2001-01-28,6.71958333333333
"1109",2001-01-29,6.97145833333333
"1110",2001-01-30,6.4665625
"1111",2001-01-31,5.813125
"1112",2001-02-01,5.46279069767442
"1113",2001-02-02,5.13677083333333
"1114",2001-02-03,5.228125
"1115",2001-02-04,5.3878125
"1116",2001-02-05,5.4646875
"1117",2001-02-06,5.81510416666667
"1118",2001-02-07,5.5615625
"1119",2001-02-08,5.4065625
"1120",2001-02-09,5.716875
"1121",2001-02-10,6.12229166666667
"1122",2001-02-11,6.23697916666667
"1123",2001-02-12,6.31697916666667
"1124",2001-02-13,6.23520833333333
"1125",2001-02-14,6.46635416666667
"1126",2001-02-15,6.1290625
"1127",2001-02-16,5.95333333333333
"1128",2001-02-17,5.9440625
"1129",2001-02-18,5.95708333333333
"1130",2001-02-19,6.10166666666667
"1131",2001-02-20,6.42416666666667
"1132",2001-02-21,6.53229166666667
"1133",2001-02-22,7.125
"1134",2001-02-23,7.7740625
"1135",2001-02-24,8.55364583333333
"1136",2001-02-25,9.32270833333333
"1137",2001-02-26,9.77666666666667
"1138",2001-02-27,9.94354166666667
"1139",2001-02-28,10.0813541666667
"1140",2001-03-01,10.10625
"1141",2001-03-04,9.51791666666667
"1142",2001-03-05,9.645
"1143",2001-03-06,10.513125
"1144",2001-03-07,10.9233333333333
"1145",2001-03-08,11.181875
"1146",2001-03-09,11.2791666666667
"1147",2001-03-10,11.1951041666667
"1148",2001-03-11,11.2786458333333
"1149",2001-03-12,11.23125
"1150",2001-03-13,11.1416666666667
"1151",2001-03-14,10.9845833333333
"1152",2001-03-15,10.6197916666667
"1153",2001-03-16,9.75229166666667
"1154",2001-03-17,8.3909375
"1155",2001-03-18,7.48625
"1156",2001-03-19,6.96041666666667
"1157",2001-03-20,6.59958333333333
"1158",2001-03-21,6.41104651162791
"1159",2001-03-22,6.4953125
"1160",2001-03-23,6.31072916666667
"1161",2001-03-24,6.15145833333333
"1162",2001-03-25,6.115
"1163",2001-03-26,5.9046875
"1164",2001-03-27,5.6384375
"1165",2001-03-28,5.66354166666667
"1166",2001-03-29,5.59436781609195
"1167",2001-03-30,5.585
"1168",2001-03-31,5.60041666666667
"1169",2001-04-01,5.78139784946237
"1170",2001-04-02,5.8315625
"1171",2001-04-03,5.50208333333333
"1172",2001-04-04,5.30572916666667
"1173",2001-04-05,5.44677083333333
"1174",2001-04-06,5.90083333333333
"1175",2001-04-07,5.89010416666667
"1176",2001-04-08,5.70802083333333
"1177",2001-04-09,5.430625
"1178",2001-04-10,5.60053333333333
"1179",2001-04-11,5.5459375
"1180",2001-04-12,5.28364583333333
"1181",2001-04-13,5.17291666666667
"1182",2001-04-14,4.8990625
"1183",2001-04-15,4.83427083333333
"1184",2001-04-16,4.77375
"1185",2001-04-17,4.6115625
"1186",2001-04-18,4.57760416666667
"1187",2001-04-19,4.80804597701149
"1188",2001-04-20,4.97895833333333
"1189",2001-04-21,5.008125
"1190",2001-04-22,4.76510416666667
"1191",2001-04-23,4.690625
"1192",2001-04-24,4.69072916666667
"1193",2001-04-25,4.8621875
"1194",2001-04-26,5.28395833333333
"1195",2001-04-27,5.65208333333333
"1196",2001-04-28,5.57510416666667
"1197",2001-04-29,5.2609375
"1198",2001-04-30,5.02666666666667
"1199",2001-05-01,4.8715625
"1200",2001-05-02,3.83544444444444
"1201",2001-05-03,3.84833333333333
"1202",2001-05-04,4.43333333333333
"1203",2001-05-05,4.82739583333333
"1204",2001-05-06,4.86872093023256
"1205",2001-05-07,4.88583333333333
"1206",2001-05-08,4.99114942528736
"1207",2001-05-09,5.17536842105263
"1208",2001-05-10,5.32931034482759
"1209",2001-05-11,5.531875
"1210",2001-05-12,5.86770833333333
"1211",2001-05-13,5.67427083333333
"1212",2001-05-14,5.30333333333333
"1213",2001-05-16,4.74114583333333
"1214",2001-05-17,4.74103448275862
"1215",2001-05-18,4.82677083333333
"1216",2001-05-19,4.9078125
"1217",2001-05-20,5.07927083333333
"1218",2001-05-21,5.14510416666667
"1219",2001-05-22,5.6034375
"1220",2001-05-23,5.69208333333333
"1221",2001-05-24,5.61583333333333
"1222",2001-05-25,5.65416666666667
"1223",2001-05-26,5.81458333333333
"1224",2001-05-27,6.04125
"1225",2001-05-28,5.97
"1226",2001-05-29,5.33
"1227",2001-05-30,4.89145833333333
"1228",2001-05-31,4.8053125
"1229",2001-06-01,5.12802083333333
"1230",2001-06-02,5.45166666666667
"1231",2001-06-03,5.19989583333333
"1232",2001-06-04,5.0284375
"1233",2001-06-05,5.37520833333333
"1234",2001-06-06,5.29510416666667
"1235",2001-06-07,5.14395833333333
"1236",2001-06-08,5.3178125
"1237",2001-06-09,5.38635416666667
"1238",2001-06-10,5.27979166666667
"1239",2001-06-11,5.2529347826087
"1240",2001-06-12,5.15956043956044
"1241",2001-06-13,4.40572916666667
"1242",2001-06-14,4.4315625
"1243",2001-06-15,4.53166666666667
"1244",2001-06-16,4.65770833333333
"1245",2001-06-17,4.84145833333333
"1246",2001-06-18,4.8709375
"1247",2001-06-19,4.98072916666667
"1248",2001-06-20,5.2278125
"1249",2001-06-21,5.4721875
"1250",2001-06-22,5.530625
"1251",2001-06-23,5.793125
"1252",2001-06-24,5.7525
"1253",2001-06-25,5.55275862068966
"1254",2001-06-26,5.24229166666667
"1255",2001-06-27,5.15010416666667
"1256",2001-06-28,4.82677083333333
"1257",2001-06-29,4.76083333333333
"1258",2001-06-30,4.82989583333333
"1259",2001-07-01,5.03322916666667
"1260",2001-07-02,5.04291666666667
"1261",2001-07-03,5.1575
"1262",2001-07-04,5.51552083333333
"1263",2001-07-05,5.66875
"1264",2001-07-06,5.8390625
"1265",2001-07-07,5.61322916666667
"1266",2001-07-08,5.49770833333333
"1267",2001-07-09,5.708125
"1268",2001-07-10,5.82427083333333
"1269",2001-07-11,5.74041666666667
"1270",2001-07-12,5.299375
"1271",2001-07-13,4.93666666666667
"1272",2001-07-14,4.99333333333333
"1273",2001-07-15,5.17416666666667
"1274",2001-07-16,5.51229166666667
"1275",2001-07-17,5.38729166666667
"1276",2001-07-18,5.4409375
"1277",2001-07-19,5.71864583333333
"1278",2001-07-20,5.92770114942529
"1279",2001-07-21,5.776875
"1280",2001-07-22,5.55822916666667
"1281",2001-07-23,5.57166666666667
"1282",2001-07-24,5.98270833333333
"1283",2001-07-25,5.81239583333333
"1284",2001-07-26,5.65979166666667
"1285",2001-07-27,5.444375
"1286",2001-07-28,5.46229166666667
"1287",2001-07-29,5.49645833333333
"1288",2001-07-30,5.80572916666667
"1289",2001-07-31,5.57625
"1290",2001-08-01,5.55729166666667
"1291",2001-08-02,5.59354166666667
"1292",2001-08-03,5.70604166666667
"1293",2001-08-04,5.83447916666667
"1294",2001-08-05,5.51125
"1295",2001-08-06,5.22260416666667
"1296",2001-08-07,5.1596875
"1297",2001-08-08,5.21260416666667
"1298",2001-08-09,5.67458333333333
"1299",2001-08-10,5.586875
"1300",2001-08-11,5.13804597701149
"1301",2001-08-12,5.3953125
"1302",2001-08-13,5.46908045977012
"1303",2001-08-14,5.363125
"1304",2001-08-15,5.36739583333333
"1305",2001-08-16,5.42239583333333
"1306",2001-08-17,5.40739583333333
"1307",2001-08-18,5.51479166666667
"1308",2001-08-19,5.51229166666667
"1309",2001-08-20,5.70229166666667
"1310",2001-08-21,5.52875
"1311",2001-08-22,5.40020833333333
"1312",2001-08-23,5.1259375
"1313",2001-08-24,4.9934375
"1314",2001-08-25,4.97416666666667
"1315",2001-08-26,5.14083333333333
"1316",2001-08-27,5.45095238095238
"1317",2001-08-28,5.25520833333333
"1318",2001-08-29,5.56760416666667
"1319",2001-08-30,5.53364583333333
"1320",2001-08-31,5.46760416666667
"1321",2001-09-01,5.4140625
"1322",2001-09-02,5.423125
"1323",2001-09-03,5.39447916666667
"1324",2001-09-04,5.335
"1325",2001-09-05,5.36052083333333
"1326",2001-09-06,5.11645833333333
"1327",2001-09-07,5.004375
"1328",2001-09-08,5.38125
"1329",2001-09-09,5.739375
"1330",2001-09-10,5.55052083333333
"1331",2001-09-11,5.48094736842105
"1332",2001-09-12,5.70609195402299
"1333",2001-09-13,5.75010416666667
"1334",2001-09-14,5.35770833333333
"1335",2001-09-15,5.47041666666667
"1336",2001-09-16,5.59364583333333
"1337",2001-09-17,5.46489583333333
"1338",2001-09-18,5.4253125
"1339",2001-09-19,5.44166666666667
"1340",2001-09-20,5.45
"1341",2001-09-21,5.3821875
"1342",2001-09-22,5.22927083333333
"1343",2001-09-23,5.30885416666667
"1344",2001-09-24,5.45041666666667
"1345",2001-09-25,5.28447916666667
"1346",2001-09-26,5.1003125
"1347",2001-09-27,5.3478125
"1348",2001-09-28,5.35541666666667
"1349",2001-09-29,5.01979166666667
"1350",2001-09-30,4.9165625
"1351",2001-10-01,4.993125
"1352",2001-10-02,5.25206896551724
"1353",2001-10-03,5.22625
"1354",2001-10-04,5.60166666666667
"1355",2001-10-05,5.72677083333333
"1356",2001-10-06,5.3171875
"1357",2001-10-07,5.21510416666667
"1358",2001-10-08,5.24614583333333
"1359",2001-10-09,5.02197916666667
"1360",2001-10-10,5.11965517241379
"1361",2001-10-11,5.1178125
"1362",2001-10-12,4.6678125
"1363",2001-10-13,4.73010416666667
"1364",2001-10-14,4.89791666666667
"1365",2001-10-15,4.96916666666667
"1366",2001-10-16,5.17125
"1367",2001-10-17,5.40041666666667
"1368",2001-10-18,5.2146875
"1369",2001-10-19,5.27770114942529
"1370",2001-10-20,5.17302083333333
"1371",2001-10-21,5.45364583333333
"1372",2001-10-22,5.315
"1373",2001-10-23,4.985625
"1374",2001-10-24,4.49020833333333
"1375",2001-10-25,4.480625
"1376",2001-10-26,4.58166666666667
"1377",2001-10-27,5.0178125
"1378",2001-10-28,4.87391304347826
"1379",2001-10-29,4.73052083333333
"1380",2001-10-30,4.81927083333333
"1381",2001-10-31,5.06239583333333
"1382",2001-11-01,4.87822916666667
"1383",2001-11-02,4.90114583333333
"1384",2001-11-03,4.95108695652174
"1385",2001-11-04,4.91744444444444
"1386",2001-11-05,5.213125
"1387",2001-11-06,5.38552083333333
"1388",2001-11-07,5.20510416666667
"1389",2001-11-08,4.82885416666667
"1390",2001-11-09,4.78885416666667
"1391",2001-11-10,4.9003125
"1392",2001-11-11,5.18260416666667
"1393",2001-11-12,5.4034375
"1394",2001-11-13,5.61977011494253
"1395",2001-11-14,5.22604166666667
"1396",2001-11-15,5.29552083333333
"1397",2001-11-16,5.47927083333333
"1398",2001-11-17,5.5059375
"1399",2001-11-18,5.33114583333333
"1400",2001-11-19,5.23625
"1401",2001-11-20,5.2115625
"1402",2001-11-21,5.1346875
"1403",2001-11-22,5.40197916666667
"1404",2001-11-23,4.84770833333333
"1405",2001-11-24,5.18854166666667
"1406",2001-11-25,5.5640625
"1407",2001-11-26,4.903125
"1408",2001-11-27,4.90083333333333
"1409",2001-11-28,5.54020833333333
"1410",2001-11-29,6.35315217391304
"1411",2001-11-30,5.98988888888889
"1412",2001-12-01,6.31625
"1413",2001-12-02,7.41458333333333
"1414",2001-12-03,8.456875
"1415",2001-12-04,8.12520833333333
"1416",2001-12-05,8.21852631578947
"1417",2001-12-06,8.4125
"1418",2001-12-07,8.23929411764706
"1419",2001-12-08,7.8825
"1420",2001-12-09,8.08427083333333
"1421",2001-12-10,7.90541666666667
"1422",2001-12-11,7.29114583333333
"1423",2001-12-12,6.57739130434783
"1424",2001-12-19,5.68047619047619
"1425",2001-12-20,6.1215625
"1426",2001-12-21,6.36854166666667
"1427",2001-12-22,6.50052083333333
"1428",2001-12-23,7.403125
"1429",2001-12-24,7.88185185185185
"1430",2001-12-25,8.14177083333333
"1431",2001-12-26,8.4459375
"1432",2001-12-27,8.6803125
"1433",2001-12-28,8.840625
"1434",2001-12-29,9.30589473684211
"1435",2001-12-30,10.1284375
"1436",2001-12-31,10.4477083333333
"1437",2002-01-01,10.8457291666667
"1438",2002-01-02,11.2297333333333
"1439",2002-01-03,11.7260416666667
"1440",2002-01-04,12.7530208333333
"1441",2002-01-05,13.4052083333333
"1442",2002-01-06,13.9889583333333
"1443",2002-01-07,15.2566666666667
"1444",2002-01-08,15.6213541666667
"1445",2002-01-09,15.3334375
"1446",2002-01-11,14.4535416666667
"1447",2002-01-12,14.0559375
"1448",2002-01-13,13.78875
"1449",2002-01-14,13.596875
"1450",2002-01-15,13.4584375
"1451",2002-01-16,13.2588541666667
"1452",2002-01-17,12.9813541666667
"1453",2002-01-18,12.67625
"1454",2002-01-19,12.3294791666667
"1455",2002-01-20,11.9197849462366
"1456",2002-01-21,11.346875
"1457",2002-01-22,10.5642708333333
"1458",2002-01-23,9.0565625
"1459",2002-01-24,7.79708333333333
"1460",2002-01-25,7.1059375
"1461",2002-01-26,7.02958333333333
"1462",2002-01-27,7.12552083333333
"1463",2002-01-28,6.82666666666667
"1464",2002-01-29,6.62677083333333
"1465",2002-01-30,6.32947916666667
"1466",2002-01-31,6.13885416666667
"1467",2002-02-01,5.96677083333333
"1468",2002-02-02,5.93802083333333
"1469",2002-02-03,5.84479166666667
"1470",2002-02-04,5.65354166666667
"1471",2002-02-05,5.6309375
"1472",2002-02-06,5.79520833333333
"1473",2002-02-07,6.06441860465116
"1474",2002-02-08,6.15541666666667
"1475",2002-02-09,5.7734375
"1476",2002-02-10,5.7234375
"1477",2002-02-11,5.72270833333333
"1478",2002-02-12,5.87195652173913
"1479",2002-02-13,5.93416666666667
"1480",2002-02-14,5.85375
"1481",2002-02-15,5.8953125
"1482",2002-02-16,5.69348837209302
"1483",2002-02-17,5.97958333333333
"1484",2002-02-18,5.86375
"1485",2002-02-19,5.71010416666667
"1486",2002-02-20,5.685
"1487",2002-02-21,5.61927083333333
"1488",2002-02-22,5.6953125
"1489",2002-02-23,6.26666666666667
"1490",2002-02-24,6.2146875
"1491",2002-02-25,6.00875
"1492",2002-02-26,5.93116279069767
"1493",2002-02-27,5.60114583333333
"1494",2002-02-28,5.71635416666667
"1495",2002-03-01,5.22627659574468
"1496",2002-03-02,5.52333333333333
"1497",2002-03-03,5.5215625
"1498",2002-03-04,5.39979166666667
"1499",2002-03-05,5.66291666666667
"1500",2002-03-06,5.82239583333333
"1501",2002-03-07,6.08322916666667
"1502",2002-03-08,5.9003125
"1503",2002-03-09,5.40052083333333
"1504",2002-03-10,5.60395833333333
"1505",2002-03-11,5.53197916666667
"1506",2002-03-12,5.59916666666667
"1507",2002-03-13,5.55302325581395
"1508",2002-03-14,5.34479166666667
"1509",2002-03-15,5.17947916666667
"1510",2002-03-16,5.33708333333333
"1511",2002-03-17,5.245
"1512",2002-03-18,4.88885416666667
"1513",2002-03-19,4.78208333333333
"1514",2002-03-20,4.7928125
"1515",2002-03-21,5.14947916666667
"1516",2002-03-22,5.48041666666667
"1517",2002-03-23,5.66020833333333
"1518",2002-03-24,5.60770833333333
"1519",2002-03-25,5.638125
"1520",2002-03-26,5.35114583333333
"1521",2002-03-27,5.37927083333333
"1522",2002-03-28,5.36270833333333
"1523",2002-03-29,5.6146875
"1524",2002-03-30,5.7415625
"1525",2002-03-31,5.701875
"1526",2002-04-01,5.77645833333333
"1527",2002-04-02,6.01659574468085
"1528",2002-04-03,6.34041666666667
"1529",2002-04-04,5.90729166666667
"1530",2002-04-05,5.35072916666667
"1531",2002-04-06,5.24916666666667
"1532",2002-04-07,5.31354838709677
"1533",2002-04-08,5.53666666666667
"1534",2002-04-09,5.25114583333333
"1535",2002-04-10,4.9753125
"1536",2002-04-11,5.02364583333333
"1537",2002-04-12,4.91520833333333
"1538",2002-04-13,4.83145833333333
"1539",2002-04-14,4.78588235294118
"1540",2002-04-15,5.56979166666667
"1541",2002-04-16,5.19958333333333
"1542",2002-04-17,5.37875
"1543",2002-04-18,5.0971875
"1544",2002-04-19,4.65666666666667
"1545",2002-04-20,4.76364583333333
"1546",2002-04-21,4.8353125
"1547",2002-04-22,4.61239583333333
"1548",2002-04-23,4.44674418604651
"1549",2002-04-24,5.1171875
"1550",2002-04-25,4.9978125
"1551",2002-04-26,5.35375
"1552",2002-04-27,5.32666666666667
"1553",2002-04-28,5.21802083333333
"1554",2002-04-29,5.165
"1555",2002-04-30,5.2190625
"1556",2002-05-01,5.18302083333333
"1557",2002-05-02,5.1696875
"1558",2002-05-03,5.15979166666667
"1559",2002-05-04,4.69239583333333
"1560",2002-05-05,4.62057471264368
"1561",2002-05-06,4.57958333333333
"1562",2002-05-07,4.67666666666667
"1563",2002-05-08,4.41427083333333
"1564",2002-05-09,4.63364583333333
"1565",2002-05-10,4.8625
"1566",2002-05-11,4.5546875
"1567",2002-05-12,4.66941860465116
"1568",2002-05-13,4.94677083333333
"1569",2002-05-14,5.08697916666667
"1570",2002-05-15,5.2621875
"1571",2002-05-16,5.336875
"1572",2002-05-17,5.49118279569892
"1573",2002-05-18,5.66125
"1574",2002-05-19,5.23697916666667
"1575",2002-05-20,5.193125
"1576",2002-05-21,5.16458333333333
"1577",2002-05-22,4.92333333333333
"1578",2002-05-23,5.03520833333333
"1579",2002-05-24,5.41770833333333
"1580",2002-05-25,5.5746875
"1581",2002-05-26,5.881875
"1582",2002-05-27,5.93229166666667
"1583",2002-05-28,5.685625
"1584",2002-05-29,5.61739583333333
"1585",2002-05-30,5.47729166666667
"1586",2002-05-31,5.44082352941177
"1587",2002-06-01,5.71520833333333
"1588",2002-06-02,5.19614583333333
"1589",2002-06-03,4.90177083333333
"1590",2002-06-04,4.65510416666667
"1591",2002-06-05,4.52572916666667
"1592",2002-06-06,4.60427083333333
"1593",2002-06-07,4.93208333333333
"1594",2002-06-08,4.89114583333333
"1595",2002-06-10,4.66043010752688
"1596",2002-06-11,5.14447916666667
"1597",2002-06-12,5.83239583333333
"1598",2002-06-13,5.97479166666667
"1599",2002-06-14,5.79510416666667
"1600",2002-06-15,5.31541666666667
"1601",2002-06-16,5.1096875
"1602",2002-06-17,4.87309523809524
"1603",2002-06-18,4.99833333333333
"1604",2002-06-19,4.71239583333333
"1605",2002-06-20,4.98510416666667
"1606",2002-06-21,5.3578125
"1607",2002-06-22,5.23427083333333
"1608",2002-06-23,5.2684375
"1609",2002-06-24,5.43572916666667
"1610",2002-06-25,5.486875
"1611",2002-06-26,5.7359375
"1612",2002-06-27,5.79583333333333
"1613",2002-06-29,5.48604166666667
"1614",2002-06-30,5.1059375
"1615",2002-07-02,5.03572916666667
"1616",2002-07-03,5.2659375
"1617",2002-07-04,5.07666666666667
"1618",2002-07-05,5.12072916666667
"1619",2002-07-06,5.28895833333333
"1620",2002-07-07,5.54072916666667
"1621",2002-07-08,5.45760416666667
"1622",2002-07-09,5.1959375
"1623",2002-07-10,5.369375
"1624",2002-07-11,5.7586170212766
"1625",2002-07-12,5.9315625
"1626",2002-07-13,5.798125
"1627",2002-07-14,5.74520833333333
"1628",2002-07-16,5.36072916666667
"1629",2002-07-17,5.18666666666667
"1630",2002-07-18,5.18447916666667
"1631",2002-07-19,5.269375
"1632",2002-07-20,5.46895833333333
"1633",2002-07-21,6.10385416666667
"1634",2002-07-22,6.26385416666667
"1635",2002-07-23,6.05020833333333
"1636",2002-07-24,5.81770833333333
"1637",2002-07-25,5.694375
"1638",2002-07-26,5.63927083333333
"1639",2002-07-27,5.7209375
"1640",2002-07-28,5.9828125
"1641",2002-07-29,5.68520833333333
"1642",2002-07-30,5.2946875
"1643",2002-07-31,5.31172413793103
"1644",2002-08-01,5.28458333333333
"1645",2002-08-02,5.46291666666667
"1646",2002-08-03,5.78083333333333
"1647",2002-08-04,5.91604166666667
"1648",2002-08-05,5.50614583333333
"1649",2002-08-06,5.68135416666667
"1650",2002-08-07,5.43083333333333
"1651",2002-08-08,5.365
"1652",2002-08-09,5.28802083333333
"1653",2002-08-10,5.3459375
"1654",2002-08-11,5.46604166666667
"1655",2002-08-12,5.510625
"1656",2002-08-13,5.45833333333333
"1657",2002-08-14,5.5121875
"1658",2002-08-15,5.54
"1659",2002-08-16,5.68135416666667
"1660",2002-08-17,5.85166666666667
"1661",2002-08-18,5.804
"1662",2002-08-19,6.02645833333333
"1663",2002-08-20,5.89520833333333
"1664",2002-08-21,5.590625
"1665",2002-08-22,5.57875
"1666",2002-08-23,5.56333333333333
"1667",2002-08-24,5.35385416666667
"1668",2002-08-25,5.20336842105263
"1669",2002-08-26,4.89927083333333
"1670",2002-08-27,4.79020833333333
"1671",2002-08-28,5.04302083333333
"1672",2002-08-29,5.879375
"1673",2002-08-30,5.655
"1674",2002-08-31,5.55083333333333
"1675",2002-09-01,5.42166666666667
"1676",2002-09-02,5.43864583333333
"1677",2002-09-03,5.661875
"1678",2002-09-05,5.878125
"1679",2002-09-06,5.82083333333333
"1680",2002-09-07,5.66697916666667
"1681",2002-09-08,5.41458333333333
"1682",2002-09-09,5.25760416666667
"1683",2002-09-10,5.17770833333333
"1684",2002-09-11,5.31854166666667
"1685",2002-09-12,5.59791666666667
"1686",2002-09-13,5.759375
"1687",2002-09-14,5.73145833333333
"1688",2002-09-15,5.72541666666667
"1689",2002-09-16,5.68489583333333
"1690",2002-09-17,5.380625
"1691",2002-09-18,5.32510869565217
"1692",2002-09-19,5.1765625
"1693",2002-09-20,5.28916666666667
"1694",2002-09-21,5.379375
"1695",2002-09-22,5.3590625
"1696",2002-09-23,5.178125
"1697",2002-09-24,5.12385416666667
"1698",2002-09-25,5.21270833333333
"1699",2002-09-26,5.52104166666667
"1700",2002-09-27,5.96864583333333
"1701",2002-09-28,5.54135416666667
"1702",2002-09-29,5.51854166666667
"1703",2002-09-30,5.52583333333333
"1704",2002-10-02,4.87921052631579
"1705",2002-10-03,4.86104761904762
"1706",2002-10-04,4.9417094017094
"1707",2002-10-06,4.98913461538462
"1708",2002-10-07,4.863
"1709",2002-10-08,5.03008474576271
"1710",2002-10-09,5.20025862068966
"1711",2002-10-10,5.66220338983051
"1712",2002-10-11,5.56541666666667
"1713",2002-10-12,5.10983193277311
"1714",2002-10-13,5.01593220338983
"1715",2002-10-14,4.94991525423729
"1716",2002-10-15,5.1821186440678
"1717",2002-10-16,5.35540540540541
"1718",2002-10-17,5.30225
"1719",2002-10-18,5.14991525423729
"1720",2002-10-19,4.9118487394958
"1721",2002-10-20,4.84119658119658
"1722",2002-10-22,5.31974576271186
"1723",2002-10-23,5.51025210084034
"1724",2002-10-24,5.2790756302521
"1725",2002-10-25,5.201
"1726",2002-10-26,5.4290756302521
"1727",2002-10-27,5.54417391304348
"1728",2002-10-28,5.37525862068965
"1729",2002-10-29,5.33899159663866
"1730",2002-10-30,5.24866666666667
"1731",2002-10-31,5.06344537815126
"1732",2002-11-02,4.89271186440678
"1733",2002-11-03,4.96728813559322
"1734",2002-11-04,5.21165217391304
"1735",2002-11-05,5.24521008403361
"1736",2002-11-06,5.255
"1737",2002-11-07,5.81645833333333
"1738",2002-11-08,6.71479166666667
"1739",2002-11-09,6.605
"1740",2002-11-11,5.68166666666667
"1741",2002-11-12,5.18375
"1742",2002-11-13,5.09625
"1743",2002-11-14,4.99218390804598
"1744",2002-11-15,4.86885416666667
"1745",2002-11-16,4.87802083333333
"1746",2002-11-17,4.99572916666667
"1747",2002-11-18,5.00020833333333
"1748",2002-11-19,4.983125
"1749",2002-11-20,5.01145833333333
"1750",2002-11-21,5.16489583333333
"1751",2002-11-22,5.46645833333333
"1752",2002-11-23,5.80666666666667
"1753",2002-11-24,5.45697916666667
"1754",2002-11-26,4.89964285714286
"1755",2002-11-27,5.09927083333333
"1756",2002-11-28,4.97895833333333
"1757",2002-11-29,4.98083333333333
"1758",2002-11-30,5.09625
"1759",2002-12-01,5.0959375
"1760",2002-12-02,5.1903125
"1761",2002-12-03,5.36177083333333
"1762",2002-12-04,5.35635416666667
"1763",2002-12-05,5.3321875
"1764",2002-12-06,5.48791666666667
"1765",2002-12-07,5.60979166666667
"1766",2002-12-08,5.48
"1767",2002-12-09,5.30302083333333
"1768",2002-12-10,5.31041666666667
"1769",2002-12-11,5.01
"1770",2002-12-12,4.72520833333333
"1771",2002-12-13,4.955625
"1772",2002-12-15,7.61916666666667
"1773",2002-12-16,8.64208333333333
"1774",2002-12-17,10.4545833333333
"1775",2002-12-18,11.0290625
"1776",2002-12-19,11.5810416666667
"1777",2002-12-20,12.0246875
"1778",2002-12-21,12.3492708333333
"1779",2002-12-23,13.0257291666667
"1780",2002-12-24,13.0430588235294
"1781",2002-12-25,12.9176470588235
"1782",2002-12-26,12.6933333333333
"1783",2002-12-27,12.4578823529412
"1784",2002-12-28,12.1478125
"1785",2002-12-29,11.9021875
"1786",2002-12-30,11.7584375
"1787",2002-12-31,11.718275862069
"1788",NA,9.0775
